﻿<?xml version="1.0" encoding="utf-8"?>
<TextureAtlas imagePath="BOYFRIEND.png">
	<!-- Created with Adobe Animate version 21.0.0.35450 -->
	<!-- http://www.adobe.com/products/animate.html -->
	<SubTexture name="BF Dead Loop0000" x="0" y="0" width="439" height="435"/>
	<SubTexture name="BF Dead Loop0001" x="439" y="0" width="439" height="435"/>
	<SubTexture name="BF Dead Loop0002" x="439" y="0" width="439" height="435"/>
	<SubTexture name="BF Dead Loop0003" x="878" y="0" width="439" height="435"/>
	<SubTexture name="BF Dead Loop0004" x="878" y="0" width="439" height="435"/>
	<SubTexture name="BF Dead Loop0005" x="1317" y="0" width="439" height="435"/>
	<SubTexture name="BF Dead Loop0006" x="1317" y="0" width="439" height="435"/>
	<SubTexture name="BF Dead Loop0007" x="1756" y="0" width="439" height="435"/>
	<SubTexture name="BF Dead Loop0008" x="2195" y="0" width="439" height="435"/>
	<SubTexture name="BF Dead Loop0009" x="2195" y="0" width="439" height="435"/>
	<SubTexture name="BF Dead Loop0010" x="2195" y="0" width="439" height="435"/>
	<SubTexture name="BF Dead Loop0011" x="2195" y="0" width="439" height="435"/>
	<SubTexture name="BF Dead Loop0012" x="2195" y="0" width="439" height="435"/>
	<SubTexture name="BF Dead Loop0013" x="2195" y="0" width="439" height="435"/>
	<SubTexture name="BF Dead Loop0014" x="2195" y="0" width="439" height="435"/>
	<SubTexture name="BF Dead Loop0015" x="2195" y="0" width="439" height="435"/>
	<SubTexture name="BF Dead Loop0016" x="2195" y="0" width="439" height="435"/>
	<SubTexture name="BF Dead Loop0017" x="0" y="0" width="439" height="435"/>
	<SubTexture name="BF Dead Loop0018" x="439" y="0" width="439" height="435"/>
	<SubTexture name="BF Dead Loop0019" x="439" y="0" width="439" height="435"/>
	<SubTexture name="BF Dead Loop0020" x="878" y="0" width="439" height="435"/>
	<SubTexture name="BF Dead Loop0021" x="878" y="0" width="439" height="435"/>
	<SubTexture name="BF Dead Loop0022" x="1317" y="0" width="439" height="435"/>
	<SubTexture name="BF Dead Loop0023" x="1317" y="0" width="439" height="435"/>
	<SubTexture name="BF Dead Loop0024" x="2195" y="0" width="439" height="435"/>
	<SubTexture name="BF Dead Loop0025" x="2195" y="0" width="439" height="435"/>
	<SubTexture name="BF Dead Loop0026" x="2195" y="0" width="439" height="435"/>
	<SubTexture name="BF Dead Loop0027" x="2195" y="0" width="439" height="435"/>
	<SubTexture name="BF Dead Loop0028" x="2195" y="0" width="439" height="435"/>
	<SubTexture name="BF Dead Loop0029" x="2195" y="0" width="439" height="435"/>
	<SubTexture name="BF Dead Loop0030" x="1756" y="0" width="439" height="435"/>
	<SubTexture name="BF Dead Loop0031" x="2195" y="0" width="439" height="435"/>
	<SubTexture name="BF Dead Loop0032" x="2195" y="0" width="439" height="435"/>
	<SubTexture name="BF Dead Loop0033" x="2195" y="0" width="439" height="435"/>
	<SubTexture name="BF Dead confirm0000" x="2634" y="0" width="439" height="499"/>
	<SubTexture name="BF Dead confirm0001" x="3073" y="0" width="439" height="499"/>
	<SubTexture name="BF Dead confirm0002" x="3512" y="0" width="439" height="499"/>
	<SubTexture name="BF Dead confirm0003" x="3951" y="0" width="439" height="499"/>
	<SubTexture name="BF Dead confirm0004" x="4390" y="0" width="439" height="499"/>
	<SubTexture name="BF Dead confirm0005" x="4829" y="0" width="439" height="499"/>
	<SubTexture name="BF Dead confirm0006" x="5268" y="0" width="439" height="499"/>
	<SubTexture name="BF Dead confirm0007" x="5707" y="0" width="439" height="499"/>
	<SubTexture name="BF Dead confirm0008" x="6146" y="0" width="439" height="499"/>
	<SubTexture name="BF Dead confirm0009" x="6585" y="0" width="439" height="499"/>
	<SubTexture name="BF Dead confirm0010" x="7024" y="0" width="439" height="499"/>
	<SubTexture name="BF Dead confirm0011" x="7463" y="0" width="439" height="499"/>
	<SubTexture name="BF Dead confirm0012" x="0" y="499" width="439" height="499"/>
	<SubTexture name="BF Dead confirm0013" x="439" y="499" width="439" height="499"/>
	<SubTexture name="BF Dead confirm0014" x="878" y="499" width="439" height="499"/>
	<SubTexture name="BF Dead confirm0015" x="1317" y="499" width="439" height="499"/>
	<SubTexture name="BF Dead confirm0016" x="1756" y="499" width="439" height="499"/>
	<SubTexture name="BF Dead confirm0017" x="2195" y="499" width="439" height="499"/>
	<SubTexture name="BF Dead confirm0018" x="2634" y="499" width="439" height="499"/>
	<SubTexture name="BF Dead confirm0019" x="3073" y="499" width="439" height="499"/>
	<SubTexture name="BF Dead confirm0020" x="3512" y="499" width="439" height="499"/>
	<SubTexture name="BF Dead confirm0021" x="3951" y="499" width="439" height="499"/>
	<SubTexture name="BF Dead confirm0022" x="4390" y="499" width="439" height="499"/>
	<SubTexture name="BF Dead confirm0023" x="4829" y="499" width="439" height="499"/>
	<SubTexture name="BF Dead confirm0024" x="4829" y="499" width="439" height="499"/>
	<SubTexture name="BF Dead confirm0025" x="4829" y="499" width="439" height="499"/>
	<SubTexture name="BF Dead confirm0026" x="4829" y="499" width="439" height="499"/>
	<SubTexture name="BF Dead confirm0027" x="4829" y="499" width="439" height="499"/>
	<SubTexture name="BF Dead confirm0028" x="4829" y="499" width="439" height="499"/>
	<SubTexture name="BF Dead confirm0029" x="4829" y="499" width="439" height="499"/>
	<SubTexture name="BF Dead confirm0030" x="4829" y="499" width="439" height="499"/>
	<SubTexture name="BF Dead confirm0031" x="4829" y="499" width="439" height="499"/>
	<SubTexture name="BF Dead confirm0032" x="4829" y="499" width="439" height="499"/>
	<SubTexture name="BF Dead confirm0033" x="4829" y="499" width="439" height="499"/>
	<SubTexture name="BF HEY!!0000" x="5268" y="499" width="415" height="475"/>
	<SubTexture name="BF HEY!!0001" x="5683" y="499" width="415" height="475"/>
	<SubTexture name="BF HEY!!0002" x="6098" y="499" width="415" height="475"/>
	<SubTexture name="BF HEY!!0003" x="6513" y="499" width="415" height="475"/>
	<SubTexture name="BF HEY!!0004" x="6928" y="499" width="415" height="475"/>
	<SubTexture name="BF HEY!!0005" x="7343" y="499" width="415" height="475"/>
	<SubTexture name="BF HEY!!0006" x="6928" y="499" width="415" height="475"/>
	<SubTexture name="BF HEY!!0007" x="7343" y="499" width="415" height="475"/>
	<SubTexture name="BF HEY!!0008" x="6928" y="499" width="415" height="475"/>
	<SubTexture name="BF HEY!!0009" x="7343" y="499" width="415" height="475"/>
	<SubTexture name="BF HEY!!0010" x="6928" y="499" width="415" height="475"/>
	<SubTexture name="BF HEY!!0011" x="7343" y="499" width="415" height="475"/>
	<SubTexture name="BF HEY!!0012" x="6928" y="499" width="415" height="475"/>
	<SubTexture name="BF HEY!!0013" x="7343" y="499" width="415" height="475"/>
	<SubTexture name="BF HEY!!0014" x="6928" y="499" width="415" height="475"/>
	<SubTexture name="BF HEY!!0015" x="7343" y="499" width="415" height="475"/>
	<SubTexture name="BF HEY!!0016" x="6928" y="499" width="415" height="475"/>
	<SubTexture name="BF HEY!!0017" x="7343" y="499" width="415" height="475"/>
	<SubTexture name="BF HEY!!0018" x="6928" y="499" width="415" height="475"/>
	<SubTexture name="BF HEY!!0019" x="7343" y="499" width="415" height="475"/>
	<SubTexture name="BF HEY!!0020" x="6928" y="499" width="415" height="475"/>
	<SubTexture name="BF HEY!!0021" x="7343" y="499" width="415" height="475"/>
	<SubTexture name="BF HEY!!0022" x="6928" y="499" width="415" height="475"/>
	<SubTexture name="BF HEY!!0023" x="7343" y="499" width="415" height="475"/>
	<SubTexture name="BF HEY!!0024" x="6928" y="499" width="415" height="475"/>
	<SubTexture name="BF HEY!!0025" x="7343" y="499" width="415" height="475"/>
	<SubTexture name="BF NOTE DOWN0000" x="7758" y="499" width="366" height="411"/>
	<SubTexture name="BF NOTE DOWN0001" x="0" y="998" width="366" height="411"/>
	<SubTexture name="BF NOTE DOWN0002" x="366" y="998" width="366" height="411"/>
	<SubTexture name="BF NOTE DOWN0003" x="732" y="998" width="366" height="411"/>
	<SubTexture name="BF NOTE DOWN0004" x="366" y="998" width="366" height="411"/>
	<SubTexture name="BF NOTE DOWN0005" x="732" y="998" width="366" height="411"/>
	<SubTexture name="BF NOTE DOWN0006" x="366" y="998" width="366" height="411"/>
	<SubTexture name="BF NOTE DOWN0007" x="732" y="998" width="366" height="411"/>
	<SubTexture name="BF NOTE DOWN0008" x="366" y="998" width="366" height="411"/>
	<SubTexture name="BF NOTE DOWN0009" x="732" y="998" width="366" height="411"/>
	<SubTexture name="BF NOTE DOWN0010" x="366" y="998" width="366" height="411"/>
	<SubTexture name="BF NOTE DOWN0011" x="732" y="998" width="366" height="411"/>
	<SubTexture name="BF NOTE DOWN0012" x="366" y="998" width="366" height="411"/>
	<SubTexture name="BF NOTE DOWN0013" x="732" y="998" width="366" height="411"/>
	<SubTexture name="BF NOTE DOWN0014" x="366" y="998" width="366" height="411"/>
	<SubTexture name="BF NOTE DOWN0015" x="732" y="998" width="366" height="411"/>
	<SubTexture name="BF NOTE DOWN0016" x="366" y="998" width="366" height="411"/>
	<SubTexture name="BF NOTE DOWN0017" x="732" y="998" width="366" height="411"/>
	<SubTexture name="BF NOTE DOWN0018" x="366" y="998" width="366" height="411"/>
	<SubTexture name="BF NOTE DOWN0019" x="732" y="998" width="366" height="411"/>
	<SubTexture name="BF NOTE DOWN0020" x="366" y="998" width="366" height="411"/>
	<SubTexture name="BF NOTE DOWN0021" x="732" y="998" width="366" height="411"/>
	<SubTexture name="BF NOTE DOWN0022" x="366" y="998" width="366" height="411"/>
	<SubTexture name="BF NOTE DOWN0023" x="732" y="998" width="366" height="411"/>
	<SubTexture name="BF NOTE DOWN0024" x="366" y="998" width="366" height="411"/>
	<SubTexture name="BF NOTE DOWN0025" x="732" y="998" width="366" height="411"/>
	<SubTexture name="BF NOTE DOWN0026" x="366" y="998" width="366" height="411"/>
	<SubTexture name="BF NOTE DOWN0027" x="732" y="998" width="366" height="411"/>
	<SubTexture name="BF NOTE DOWN0028" x="366" y="998" width="366" height="411"/>
	<SubTexture name="BF NOTE DOWN0029" x="732" y="998" width="366" height="411"/>
	<SubTexture name="BF NOTE DOWN MISS0000" x="1098" y="998" width="386" height="409"/>
	<SubTexture name="BF NOTE DOWN MISS0001" x="1484" y="998" width="386" height="409"/>
	<SubTexture name="BF NOTE DOWN MISS0002" x="1484" y="998" width="386" height="409"/>
	<SubTexture name="BF NOTE DOWN MISS0003" x="1870" y="998" width="386" height="409"/>
	<SubTexture name="BF NOTE DOWN MISS0004" x="1870" y="998" width="386" height="409"/>
	<SubTexture name="BF NOTE DOWN MISS0005" x="2256" y="998" width="386" height="409"/>
	<SubTexture name="BF NOTE DOWN MISS0006" x="2256" y="998" width="386" height="409"/>
	<SubTexture name="BF NOTE DOWN MISS0007" x="1870" y="998" width="386" height="409"/>
	<SubTexture name="BF NOTE DOWN MISS0008" x="1870" y="998" width="386" height="409"/>
	<SubTexture name="BF NOTE DOWN MISS0009" x="2256" y="998" width="386" height="409"/>
	<SubTexture name="BF NOTE DOWN MISS0010" x="2256" y="998" width="386" height="409"/>
	<SubTexture name="BF NOTE DOWN MISS0011" x="1870" y="998" width="386" height="409"/>
	<SubTexture name="BF NOTE DOWN MISS0012" x="1870" y="998" width="386" height="409"/>
	<SubTexture name="BF NOTE DOWN MISS0013" x="2256" y="998" width="386" height="409"/>
	<SubTexture name="BF NOTE DOWN MISS0014" x="2256" y="998" width="386" height="409"/>
	<SubTexture name="BF NOTE DOWN MISS0015" x="1870" y="998" width="386" height="409"/>
	<SubTexture name="BF NOTE DOWN MISS0016" x="1870" y="998" width="386" height="409"/>
	<SubTexture name="BF NOTE DOWN MISS0017" x="2256" y="998" width="386" height="409"/>
	<SubTexture name="BF NOTE DOWN MISS0018" x="2256" y="998" width="386" height="409"/>
	<SubTexture name="BF NOTE DOWN MISS0019" x="1870" y="998" width="386" height="409"/>
	<SubTexture name="BF NOTE DOWN MISS0020" x="1870" y="998" width="386" height="409"/>
	<SubTexture name="BF NOTE DOWN MISS0021" x="2256" y="998" width="386" height="409"/>
	<SubTexture name="BF NOTE DOWN MISS0022" x="2256" y="998" width="386" height="409"/>
	<SubTexture name="BF NOTE DOWN MISS0023" x="1870" y="998" width="386" height="409"/>
	<SubTexture name="BF NOTE DOWN MISS0024" x="1870" y="998" width="386" height="409"/>
	<SubTexture name="BF NOTE DOWN MISS0025" x="2256" y="998" width="386" height="409"/>
	<SubTexture name="BF NOTE DOWN MISS0026" x="2256" y="998" width="386" height="409"/>
	<SubTexture name="BF NOTE DOWN MISS0027" x="1870" y="998" width="386" height="409"/>
	<SubTexture name="BF NOTE DOWN MISS0028" x="1870" y="998" width="386" height="409"/>
	<SubTexture name="BF NOTE LEFT0000" x="2642" y="998" width="383" height="459"/>
	<SubTexture name="BF NOTE LEFT0001" x="3025" y="998" width="383" height="459"/>
	<SubTexture name="BF NOTE LEFT0002" x="3408" y="998" width="383" height="459"/>
	<SubTexture name="BF NOTE LEFT0003" x="3791" y="998" width="383" height="459"/>
	<SubTexture name="BF NOTE LEFT0004" x="3408" y="998" width="383" height="459"/>
	<SubTexture name="BF NOTE LEFT0005" x="3791" y="998" width="383" height="459"/>
	<SubTexture name="BF NOTE LEFT0006" x="3408" y="998" width="383" height="459"/>
	<SubTexture name="BF NOTE LEFT0007" x="3791" y="998" width="383" height="459"/>
	<SubTexture name="BF NOTE LEFT0008" x="3408" y="998" width="383" height="459"/>
	<SubTexture name="BF NOTE LEFT0009" x="3791" y="998" width="383" height="459"/>
	<SubTexture name="BF NOTE LEFT0010" x="3408" y="998" width="383" height="459"/>
	<SubTexture name="BF NOTE LEFT0011" x="3791" y="998" width="383" height="459"/>
	<SubTexture name="BF NOTE LEFT0012" x="3408" y="998" width="383" height="459"/>
	<SubTexture name="BF NOTE LEFT0013" x="3791" y="998" width="383" height="459"/>
	<SubTexture name="BF NOTE LEFT0014" x="3408" y="998" width="383" height="459"/>
	<SubTexture name="BF NOTE LEFT MISS0000" x="4174" y="998" width="380" height="463"/>
	<SubTexture name="BF NOTE LEFT MISS0001" x="4554" y="998" width="380" height="463"/>
	<SubTexture name="BF NOTE LEFT MISS0002" x="4554" y="998" width="380" height="463"/>
	<SubTexture name="BF NOTE LEFT MISS0003" x="4934" y="998" width="380" height="463"/>
	<SubTexture name="BF NOTE LEFT MISS0004" x="4934" y="998" width="380" height="463"/>
	<SubTexture name="BF NOTE LEFT MISS0005" x="5314" y="998" width="380" height="463"/>
	<SubTexture name="BF NOTE LEFT MISS0006" x="5314" y="998" width="380" height="463"/>
	<SubTexture name="BF NOTE LEFT MISS0007" x="4934" y="998" width="380" height="463"/>
	<SubTexture name="BF NOTE LEFT MISS0008" x="4934" y="998" width="380" height="463"/>
	<SubTexture name="BF NOTE LEFT MISS0009" x="5314" y="998" width="380" height="463"/>
	<SubTexture name="BF NOTE LEFT MISS0010" x="5314" y="998" width="380" height="463"/>
	<SubTexture name="BF NOTE LEFT MISS0011" x="4934" y="998" width="380" height="463"/>
	<SubTexture name="BF NOTE LEFT MISS0012" x="4934" y="998" width="380" height="463"/>
	<SubTexture name="BF NOTE LEFT MISS0013" x="5314" y="998" width="380" height="463"/>
	<SubTexture name="BF NOTE LEFT MISS0014" x="5314" y="998" width="380" height="463"/>
	<SubTexture name="BF NOTE LEFT MISS0015" x="4934" y="998" width="380" height="463"/>
	<SubTexture name="BF NOTE LEFT MISS0016" x="4934" y="998" width="380" height="463"/>
	<SubTexture name="BF NOTE LEFT MISS0017" x="5314" y="998" width="380" height="463"/>
	<SubTexture name="BF NOTE LEFT MISS0018" x="5314" y="998" width="380" height="463"/>
	<SubTexture name="BF NOTE LEFT MISS0019" x="4934" y="998" width="380" height="463"/>
	<SubTexture name="BF NOTE LEFT MISS0020" x="4934" y="998" width="380" height="463"/>
	<SubTexture name="BF NOTE LEFT MISS0021" x="5314" y="998" width="380" height="463"/>
	<SubTexture name="BF NOTE LEFT MISS0022" x="5314" y="998" width="380" height="463"/>
	<SubTexture name="BF NOTE LEFT MISS0023" x="4934" y="998" width="380" height="463"/>
	<SubTexture name="BF NOTE LEFT MISS0024" x="4934" y="998" width="380" height="463"/>
	<SubTexture name="BF NOTE LEFT MISS0025" x="5314" y="998" width="380" height="463"/>
	<SubTexture name="BF NOTE LEFT MISS0026" x="5314" y="998" width="380" height="463"/>
	<SubTexture name="BF NOTE LEFT MISS0027" x="4934" y="998" width="380" height="463"/>
	<SubTexture name="BF NOTE LEFT MISS0028" x="4934" y="998" width="380" height="463"/>
	<SubTexture name="BF NOTE LEFT MISS0029" x="5314" y="998" width="380" height="463"/>
	<SubTexture name="BF NOTE LEFT MISS0030" x="5314" y="998" width="380" height="463"/>
	<SubTexture name="BF NOTE LEFT MISS0031" x="4934" y="998" width="380" height="463"/>
	<SubTexture name="BF NOTE LEFT MISS0032" x="4934" y="998" width="380" height="463"/>
	<SubTexture name="BF NOTE LEFT MISS0033" x="5314" y="998" width="380" height="463"/>
	<SubTexture name="BF NOTE RIGHT0000" x="5694" y="998" width="397" height="478"/>
	<SubTexture name="BF NOTE RIGHT0001" x="6091" y="998" width="397" height="478"/>
	<SubTexture name="BF NOTE RIGHT0002" x="6488" y="998" width="397" height="478"/>
	<SubTexture name="BF NOTE RIGHT0003" x="6885" y="998" width="397" height="478"/>
	<SubTexture name="BF NOTE RIGHT0004" x="6488" y="998" width="397" height="478"/>
	<SubTexture name="BF NOTE RIGHT0005" x="6885" y="998" width="397" height="478"/>
	<SubTexture name="BF NOTE RIGHT0006" x="6488" y="998" width="397" height="478"/>
	<SubTexture name="BF NOTE RIGHT0007" x="6885" y="998" width="397" height="478"/>
	<SubTexture name="BF NOTE RIGHT0008" x="6488" y="998" width="397" height="478"/>
	<SubTexture name="BF NOTE RIGHT0009" x="6885" y="998" width="397" height="478"/>
	<SubTexture name="BF NOTE RIGHT0010" x="6488" y="998" width="397" height="478"/>
	<SubTexture name="BF NOTE RIGHT0011" x="6885" y="998" width="397" height="478"/>
	<SubTexture name="BF NOTE RIGHT0012" x="6488" y="998" width="397" height="478"/>
	<SubTexture name="BF NOTE RIGHT0013" x="6885" y="998" width="397" height="478"/>
	<SubTexture name="BF NOTE RIGHT0014" x="6488" y="998" width="397" height="478"/>
	<SubTexture name="BF NOTE RIGHT0015" x="6885" y="998" width="397" height="478"/>
	<SubTexture name="BF NOTE RIGHT0016" x="6488" y="998" width="397" height="478"/>
	<SubTexture name="BF NOTE RIGHT0017" x="6885" y="998" width="397" height="478"/>
	<SubTexture name="BF NOTE RIGHT0018" x="6488" y="998" width="397" height="478"/>
	<SubTexture name="BF NOTE RIGHT0019" x="6885" y="998" width="397" height="478"/>
	<SubTexture name="BF NOTE RIGHT0020" x="6488" y="998" width="397" height="478"/>
	<SubTexture name="BF NOTE RIGHT0021" x="6885" y="998" width="397" height="478"/>
	<SubTexture name="BF NOTE RIGHT0022" x="6488" y="998" width="397" height="478"/>
	<SubTexture name="BF NOTE RIGHT0023" x="6885" y="998" width="397" height="478"/>
	<SubTexture name="BF NOTE RIGHT0024" x="6488" y="998" width="397" height="478"/>
	<SubTexture name="BF NOTE RIGHT0025" x="6885" y="998" width="397" height="478"/>
	<SubTexture name="BF NOTE RIGHT0026" x="6488" y="998" width="397" height="478"/>
	<SubTexture name="BF NOTE RIGHT0027" x="6885" y="998" width="397" height="478"/>
	<SubTexture name="BF NOTE RIGHT0028" x="6488" y="998" width="397" height="478"/>
	<SubTexture name="BF NOTE RIGHT0029" x="6885" y="998" width="397" height="478"/>
	<SubTexture name="BF NOTE RIGHT0030" x="6488" y="998" width="397" height="478"/>
	<SubTexture name="BF NOTE RIGHT0031" x="6885" y="998" width="397" height="478"/>
	<SubTexture name="BF NOTE RIGHT0032" x="6488" y="998" width="397" height="478"/>
	<SubTexture name="BF NOTE RIGHT0033" x="6885" y="998" width="397" height="478"/>
	<SubTexture name="BF NOTE RIGHT0034" x="6488" y="998" width="397" height="478"/>
	<SubTexture name="BF NOTE RIGHT0035" x="6885" y="998" width="397" height="478"/>
	<SubTexture name="BF NOTE RIGHT0036" x="6488" y="998" width="397" height="478"/>
	<SubTexture name="BF NOTE RIGHT0037" x="6885" y="998" width="397" height="478"/>
	<SubTexture name="BF NOTE RIGHT0038" x="6488" y="998" width="397" height="478"/>
	<SubTexture name="BF NOTE RIGHT0039" x="6885" y="998" width="397" height="478"/>
	<SubTexture name="BF NOTE RIGHT0040" x="6488" y="998" width="397" height="478"/>
	<SubTexture name="BF NOTE RIGHT0041" x="6885" y="998" width="397" height="478"/>
	<SubTexture name="BF NOTE RIGHT0042" x="6488" y="998" width="397" height="478"/>
	<SubTexture name="BF NOTE RIGHT0043" x="6885" y="998" width="397" height="478"/>
	<SubTexture name="BF NOTE RIGHT0044" x="6488" y="998" width="397" height="478"/>
	<SubTexture name="BF NOTE RIGHT0045" x="6885" y="998" width="397" height="478"/>
	<SubTexture name="BF NOTE RIGHT0046" x="6488" y="998" width="397" height="478"/>
	<SubTexture name="BF NOTE RIGHT0047" x="6885" y="998" width="397" height="478"/>
	<SubTexture name="BF NOTE RIGHT0048" x="6488" y="998" width="397" height="478"/>
	<SubTexture name="BF NOTE RIGHT0049" x="6885" y="998" width="397" height="478"/>
	<SubTexture name="BF NOTE RIGHT0050" x="6488" y="998" width="397" height="478"/>
	<SubTexture name="BF NOTE RIGHT0051" x="6885" y="998" width="397" height="478"/>
	<SubTexture name="BF NOTE RIGHT0052" x="6488" y="998" width="397" height="478"/>
	<SubTexture name="BF NOTE RIGHT0053" x="6885" y="998" width="397" height="478"/>
	<SubTexture name="BF NOTE RIGHT0054" x="6488" y="998" width="397" height="478"/>
	<SubTexture name="BF NOTE RIGHT0055" x="6885" y="998" width="397" height="478"/>
	<SubTexture name="BF NOTE RIGHT0056" x="6488" y="998" width="397" height="478"/>
	<SubTexture name="BF NOTE RIGHT0057" x="6885" y="998" width="397" height="478"/>
	<SubTexture name="BF NOTE RIGHT0058" x="6488" y="998" width="397" height="478"/>
	<SubTexture name="BF NOTE RIGHT0059" x="6885" y="998" width="397" height="478"/>
	<SubTexture name="BF NOTE RIGHT0060" x="6488" y="998" width="397" height="478"/>
	<SubTexture name="BF NOTE RIGHT0061" x="6885" y="998" width="397" height="478"/>
	<SubTexture name="BF NOTE RIGHT MISS0000" x="7282" y="998" width="393" height="477"/>
	<SubTexture name="BF NOTE RIGHT MISS0001" x="7675" y="998" width="393" height="477"/>
	<SubTexture name="BF NOTE RIGHT MISS0002" x="7675" y="998" width="393" height="477"/>
	<SubTexture name="BF NOTE RIGHT MISS0003" x="0" y="1476" width="393" height="477"/>
	<SubTexture name="BF NOTE RIGHT MISS0004" x="0" y="1476" width="393" height="477"/>
	<SubTexture name="BF NOTE RIGHT MISS0005" x="393" y="1476" width="393" height="477"/>
	<SubTexture name="BF NOTE RIGHT MISS0006" x="393" y="1476" width="393" height="477"/>
	<SubTexture name="BF NOTE RIGHT MISS0007" x="0" y="1476" width="393" height="477"/>
	<SubTexture name="BF NOTE RIGHT MISS0008" x="0" y="1476" width="393" height="477"/>
	<SubTexture name="BF NOTE RIGHT MISS0009" x="393" y="1476" width="393" height="477"/>
	<SubTexture name="BF NOTE RIGHT MISS0010" x="393" y="1476" width="393" height="477"/>
	<SubTexture name="BF NOTE RIGHT MISS0011" x="0" y="1476" width="393" height="477"/>
	<SubTexture name="BF NOTE RIGHT MISS0012" x="0" y="1476" width="393" height="477"/>
	<SubTexture name="BF NOTE RIGHT MISS0013" x="393" y="1476" width="393" height="477"/>
	<SubTexture name="BF NOTE RIGHT MISS0014" x="393" y="1476" width="393" height="477"/>
	<SubTexture name="BF NOTE RIGHT MISS0015" x="0" y="1476" width="393" height="477"/>
	<SubTexture name="BF NOTE RIGHT MISS0016" x="0" y="1476" width="393" height="477"/>
	<SubTexture name="BF NOTE RIGHT MISS0017" x="393" y="1476" width="393" height="477"/>
	<SubTexture name="BF NOTE RIGHT MISS0018" x="393" y="1476" width="393" height="477"/>
	<SubTexture name="BF NOTE RIGHT MISS0019" x="0" y="1476" width="393" height="477"/>
	<SubTexture name="BF NOTE RIGHT MISS0020" x="0" y="1476" width="393" height="477"/>
	<SubTexture name="BF NOTE RIGHT MISS0021" x="393" y="1476" width="393" height="477"/>
	<SubTexture name="BF NOTE RIGHT MISS0022" x="393" y="1476" width="393" height="477"/>
	<SubTexture name="BF NOTE RIGHT MISS0023" x="0" y="1476" width="393" height="477"/>
	<SubTexture name="BF NOTE RIGHT MISS0024" x="0" y="1476" width="393" height="477"/>
	<SubTexture name="BF NOTE RIGHT MISS0025" x="393" y="1476" width="393" height="477"/>
	<SubTexture name="BF NOTE RIGHT MISS0026" x="393" y="1476" width="393" height="477"/>
	<SubTexture name="BF NOTE RIGHT MISS0027" x="0" y="1476" width="393" height="477"/>
	<SubTexture name="BF NOTE RIGHT MISS0028" x="0" y="1476" width="393" height="477"/>
	<SubTexture name="BF NOTE RIGHT MISS0029" x="393" y="1476" width="393" height="477"/>
	<SubTexture name="BF NOTE RIGHT MISS0030" x="393" y="1476" width="393" height="477"/>
	<SubTexture name="BF NOTE RIGHT MISS0031" x="0" y="1476" width="393" height="477"/>
	<SubTexture name="BF NOTE RIGHT MISS0032" x="0" y="1476" width="393" height="477"/>
	<SubTexture name="BF NOTE RIGHT MISS0033" x="393" y="1476" width="393" height="477"/>
	<SubTexture name="BF NOTE RIGHT MISS0034" x="393" y="1476" width="393" height="477"/>
	<SubTexture name="BF NOTE RIGHT MISS0035" x="0" y="1476" width="393" height="477"/>
	<SubTexture name="BF NOTE RIGHT MISS0036" x="0" y="1476" width="393" height="477"/>
	<SubTexture name="BF NOTE RIGHT MISS0037" x="393" y="1476" width="393" height="477"/>
	<SubTexture name="BF NOTE RIGHT MISS0038" x="393" y="1476" width="393" height="477"/>
	<SubTexture name="BF NOTE RIGHT MISS0039" x="0" y="1476" width="393" height="477"/>
	<SubTexture name="BF NOTE RIGHT MISS0040" x="0" y="1476" width="393" height="477"/>
	<SubTexture name="BF NOTE RIGHT MISS0041" x="393" y="1476" width="393" height="477"/>
	<SubTexture name="BF NOTE RIGHT MISS0042" x="393" y="1476" width="393" height="477"/>
	<SubTexture name="BF NOTE RIGHT MISS0043" x="0" y="1476" width="393" height="477"/>
	<SubTexture name="BF NOTE RIGHT MISS0044" x="0" y="1476" width="393" height="477"/>
	<SubTexture name="BF NOTE RIGHT MISS0045" x="393" y="1476" width="393" height="477"/>
	<SubTexture name="BF NOTE UP0000" x="786" y="1476" width="415" height="451"/>
	<SubTexture name="BF NOTE UP0001" x="1201" y="1476" width="415" height="451"/>
	<SubTexture name="BF NOTE UP0002" x="1616" y="1476" width="415" height="451"/>
	<SubTexture name="BF NOTE UP0003" x="2031" y="1476" width="415" height="451"/>
	<SubTexture name="BF NOTE UP0004" x="1616" y="1476" width="415" height="451"/>
	<SubTexture name="BF NOTE UP0005" x="2031" y="1476" width="415" height="451"/>
	<SubTexture name="BF NOTE UP0006" x="1616" y="1476" width="415" height="451"/>
	<SubTexture name="BF NOTE UP0007" x="2031" y="1476" width="415" height="451"/>
	<SubTexture name="BF NOTE UP0008" x="1616" y="1476" width="415" height="451"/>
	<SubTexture name="BF NOTE UP0009" x="2031" y="1476" width="415" height="451"/>
	<SubTexture name="BF NOTE UP0010" x="1616" y="1476" width="415" height="451"/>
	<SubTexture name="BF NOTE UP0011" x="2031" y="1476" width="415" height="451"/>
	<SubTexture name="BF NOTE UP0012" x="1616" y="1476" width="415" height="451"/>
	<SubTexture name="BF NOTE UP0013" x="2031" y="1476" width="415" height="451"/>
	<SubTexture name="BF NOTE UP0014" x="1616" y="1476" width="415" height="451"/>
	<SubTexture name="BF NOTE UP MISS0000" x="2446" y="1476" width="471" height="457"/>
	<SubTexture name="BF NOTE UP MISS0001" x="2917" y="1476" width="471" height="457"/>
	<SubTexture name="BF NOTE UP MISS0002" x="2917" y="1476" width="471" height="457"/>
	<SubTexture name="BF NOTE UP MISS0003" x="3388" y="1476" width="471" height="457"/>
	<SubTexture name="BF NOTE UP MISS0004" x="3388" y="1476" width="471" height="457"/>
	<SubTexture name="BF NOTE UP MISS0005" x="3859" y="1476" width="471" height="457"/>
	<SubTexture name="BF NOTE UP MISS0006" x="3859" y="1476" width="471" height="457"/>
	<SubTexture name="BF NOTE UP MISS0007" x="3388" y="1476" width="471" height="457"/>
	<SubTexture name="BF NOTE UP MISS0008" x="3388" y="1476" width="471" height="457"/>
	<SubTexture name="BF NOTE UP MISS0009" x="3859" y="1476" width="471" height="457"/>
	<SubTexture name="BF NOTE UP MISS0010" x="3859" y="1476" width="471" height="457"/>
	<SubTexture name="BF NOTE UP MISS0011" x="3388" y="1476" width="471" height="457"/>
	<SubTexture name="BF NOTE UP MISS0012" x="3388" y="1476" width="471" height="457"/>
	<SubTexture name="BF NOTE UP MISS0013" x="3859" y="1476" width="471" height="457"/>
	<SubTexture name="BF NOTE UP MISS0014" x="3859" y="1476" width="471" height="457"/>
	<SubTexture name="BF NOTE UP MISS0015" x="3388" y="1476" width="471" height="457"/>
	<SubTexture name="BF NOTE UP MISS0016" x="3388" y="1476" width="471" height="457"/>
	<SubTexture name="BF NOTE UP MISS0017" x="3859" y="1476" width="471" height="457"/>
	<SubTexture name="BF NOTE UP MISS0018" x="3859" y="1476" width="471" height="457"/>
	<SubTexture name="BF NOTE UP MISS0019" x="3388" y="1476" width="471" height="457"/>
	<SubTexture name="BF NOTE UP MISS0020" x="3388" y="1476" width="471" height="457"/>
	<SubTexture name="BF NOTE UP MISS0021" x="3859" y="1476" width="471" height="457"/>
	<SubTexture name="BF NOTE UP MISS0022" x="3859" y="1476" width="471" height="457"/>
	<SubTexture name="BF NOTE UP MISS0023" x="3388" y="1476" width="471" height="457"/>
	<SubTexture name="BF dies0000" x="4330" y="1476" width="439" height="445"/>
	<SubTexture name="BF dies0001" x="4769" y="1476" width="439" height="445"/>
	<SubTexture name="BF dies0002" x="5208" y="1476" width="439" height="445"/>
	<SubTexture name="BF dies0003" x="5647" y="1476" width="439" height="445"/>
	<SubTexture name="BF dies0004" x="6086" y="1476" width="439" height="445"/>
	<SubTexture name="BF dies0005" x="6525" y="1476" width="439" height="445"/>
	<SubTexture name="BF dies0006" x="6964" y="1476" width="439" height="445"/>
	<SubTexture name="BF dies0007" x="6964" y="1476" width="439" height="445"/>
	<SubTexture name="BF dies0008" x="6964" y="1476" width="439" height="445"/>
	<SubTexture name="BF dies0009" x="6964" y="1476" width="439" height="445"/>
	<SubTexture name="BF dies0010" x="6964" y="1476" width="439" height="445"/>
	<SubTexture name="BF dies0011" x="6964" y="1476" width="439" height="445"/>
	<SubTexture name="BF dies0012" x="6964" y="1476" width="439" height="445"/>
	<SubTexture name="BF dies0013" x="6964" y="1476" width="439" height="445"/>
	<SubTexture name="BF dies0014" x="6964" y="1476" width="439" height="445"/>
	<SubTexture name="BF dies0015" x="7403" y="1476" width="439" height="445"/>
	<SubTexture name="BF dies0016" x="7403" y="1476" width="439" height="445"/>
	<SubTexture name="BF dies0017" x="7403" y="1476" width="439" height="445"/>
	<SubTexture name="BF dies0018" x="0" y="1953" width="439" height="445"/>
	<SubTexture name="BF dies0019" x="0" y="1953" width="439" height="445"/>
	<SubTexture name="BF dies0020" x="439" y="1953" width="439" height="445"/>
	<SubTexture name="BF dies0021" x="439" y="1953" width="439" height="445"/>
	<SubTexture name="BF dies0022" x="878" y="1953" width="439" height="445"/>
	<SubTexture name="BF dies0023" x="878" y="1953" width="439" height="445"/>
	<SubTexture name="BF dies0024" x="1317" y="1953" width="439" height="445"/>
	<SubTexture name="BF dies0025" x="1756" y="1953" width="439" height="445"/>
	<SubTexture name="BF dies0026" x="1756" y="1953" width="439" height="445"/>
	<SubTexture name="BF dies0027" x="2195" y="1953" width="439" height="445"/>
	<SubTexture name="BF dies0028" x="2195" y="1953" width="439" height="445"/>
	<SubTexture name="BF dies0029" x="2634" y="1953" width="439" height="445"/>
	<SubTexture name="BF dies0030" x="2634" y="1953" width="439" height="445"/>
	<SubTexture name="BF dies0031" x="3073" y="1953" width="439" height="445"/>
	<SubTexture name="BF dies0032" x="3073" y="1953" width="439" height="445"/>
	<SubTexture name="BF dies0033" x="3073" y="1953" width="439" height="445"/>
	<SubTexture name="BF dies0034" x="3073" y="1953" width="439" height="445"/>
	<SubTexture name="BF dies0035" x="3512" y="1953" width="439" height="445"/>
	<SubTexture name="BF dies0036" x="3951" y="1953" width="439" height="445"/>
	<SubTexture name="BF dies0037" x="4390" y="1953" width="439" height="445"/>
	<SubTexture name="BF dies0038" x="4829" y="1953" width="439" height="445"/>
	<SubTexture name="BF dies0039" x="5268" y="1953" width="439" height="445"/>
	<SubTexture name="BF dies0040" x="5707" y="1953" width="439" height="445"/>
	<SubTexture name="BF dies0041" x="6146" y="1953" width="439" height="445"/>
	<SubTexture name="BF dies0042" x="6585" y="1953" width="439" height="445"/>
	<SubTexture name="BF dies0043" x="7024" y="1953" width="439" height="445"/>
	<SubTexture name="BF dies0044" x="7463" y="1953" width="439" height="445"/>
	<SubTexture name="BF dies0045" x="0" y="2398" width="439" height="445"/>
	<SubTexture name="BF dies0046" x="439" y="2398" width="439" height="445"/>
	<SubTexture name="BF dies0047" x="878" y="2398" width="439" height="445"/>
	<SubTexture name="BF dies0048" x="1317" y="2398" width="439" height="445"/>
	<SubTexture name="BF dies0049" x="1756" y="2398" width="439" height="445"/>
	<SubTexture name="BF dies0050" x="2195" y="2398" width="439" height="445"/>
	<SubTexture name="BF dies0051" x="2634" y="2398" width="439" height="445"/>
	<SubTexture name="BF dies0052" x="3073" y="2398" width="439" height="445"/>
	<SubTexture name="BF dies0053" x="3512" y="2398" width="439" height="445"/>
	<SubTexture name="BF dies0054" x="3512" y="2398" width="439" height="445"/>
	<SubTexture name="BF dies0055" x="3512" y="2398" width="439" height="445"/>
	<SubTexture name="BF dies0056" x="3512" y="2398" width="439" height="445"/>
	<SubTexture name="BF dies0057" x="3512" y="2398" width="439" height="445"/>
	<SubTexture name="BF hit0000" x="3951" y="2398" width="403" height="466"/>
	<SubTexture name="BF hit0001" x="4354" y="2398" width="403" height="466"/>
	<SubTexture name="BF hit0002" x="4757" y="2398" width="403" height="466"/>
	<SubTexture name="BF hit0003" x="5160" y="2398" width="403" height="466"/>
	<SubTexture name="BF idle dance0000" x="5563" y="2398" width="405" height="465"/>
	<SubTexture name="BF idle dance0001" x="5968" y="2398" width="405" height="465"/>
	<SubTexture name="BF idle dance0002" x="6373" y="2398" width="405" height="465"/>
	<SubTexture name="BF idle dance0003" x="6778" y="2398" width="405" height="465"/>
	<SubTexture name="BF idle dance0004" x="7183" y="2398" width="405" height="465"/>
	<SubTexture name="BF idle dance0005" x="7588" y="2398" width="405" height="465"/>
	<SubTexture name="BF idle dance0006" x="0" y="2864" width="405" height="465"/>
	<SubTexture name="BF idle dance0007" x="405" y="2864" width="405" height="465"/>
	<SubTexture name="BF idle dance0008" x="810" y="2864" width="405" height="465"/>
	<SubTexture name="BF idle dance0009" x="1215" y="2864" width="405" height="465"/>
	<SubTexture name="BF idle dance0010" x="810" y="2864" width="405" height="465"/>
	<SubTexture name="BF idle dance0011" x="1215" y="2864" width="405" height="465"/>
	<SubTexture name="BF idle dance0012" x="810" y="2864" width="405" height="465"/>
	<SubTexture name="BF idle dance0013" x="1215" y="2864" width="405" height="465"/>
	<SubTexture name="BF idle shaking0000" x="3951" y="2398" width="403" height="466"/>
	<SubTexture name="BF idle shaking0001" x="4354" y="2398" width="403" height="466"/>
	<SubTexture name="BF idle shaking0002" x="4757" y="2398" width="403" height="466"/>
	<SubTexture name="BF idle shaking0003" x="5160" y="2398" width="403" height="466"/>
</TextureAtlas>
